Date,T2M,temperature_2m_min (Â°C),rain_sum (mm),humidity at 000 utc %,humidity at 000 utc %,pressure at 1200 utc%,windspeed at 1200utc%
01/01/2021,21.5,-0.5,0,91,43,955.1,0
02/01/2021,21,-0.5,0,91,37,955.6,0
03/01/2021,20.5,0,0,92,75,952.6,0
04/01/2021,19,5.5,0,94,71,956.4,2
05/01/2021,18,8,6,94,72,954.3,0
06/01/2021,15.5,6.3,5.7,93,57,954.6,4
07/01/2021,19.6,5.6,0,93,54,952.6,0
08/01/2021,18.5,5.5,0,93,79,952.8,0
09/01/2021,15.3,3,0,92,54,954.5,0
10/01/2021,19,3.4,0,93,47,952.6,0
11/01/2021,20.5,3,0,92,54,953.4,0
12/01/2021,19,2.5,0,92,54,952.6,0
13/01/2021,21,0,0,91,49,951.3,0
14/01/2021,19.5,1,0,91,68,953.6,0
15/01/2021,15.5,1.5,0,92,53,952.5,0
16/01/2021,19,1.5,0,92,59,950.9,0
17/01/2021,20,2,0,92,78,953.4,0
18/01/2021,15,2,0,92,53,955.6,2
19/01/2021,19.8,2,0,92,43,951.9,0
20/01/2021,21.5,1.8,0,92,29,952.1,2
21/01/2021,23.3,1.4,0,91,35,949.4,2
22/01/2021,23,2,0,92,54,949.7,0
23/01/2021,20,2.5,0,77,42,949.4,0
24/01/2021,17,2,0,92,33,954.8,4
25/01/2021,20,2,0,92,38,955.7,0
26/01/2021,19,1.5,0,92,30,954.8,0
27/01/2021,20,1,0,91,33,953.9,4
28/01/2021,21.2,1,0,91,28,955.1,2
29/01/2021,20.7,0.5,0,92,28,955.8,4
30/01/2021,20,0.5,0,91,34,952.3,0
31/01/2021,21.5,0.5,0,91,47,954,0
01/02/2021,20.5,1.9,0,85,33,956.8,4
02/02/2021,22.5,3.5,0,92,42,954.1,0
03/02/2021,21.3,4.5,0,86,50,956,2
04/02/2021,18,6,0,86,69,956.4,0
05/02/2021,18,3.5,7,92,44,956.4,0
06/02/2021,19.5,4,0,92,44,956.1,0
07/02/2021,21.5,3.5,0,92,41,954.4,0
08/02/2021,22,4,0,93,35,954.5,2
09/02/2021,23.5,7,0,93,42,950.5,0
10/02/2021,24.5,6.5,0,93,36,950.5,0
11/02/2021,25.5,5.5,0,86,32,952.2,0
12/02/2021,25,5,0,93,35,952.1,0
13/02/2021,25.5,6.1,0,93,35,952.7,0
14/02/2021,25,6.5,0,93,37,952,4
15/02/2021,25,6,0,93,39,950.9,0
16/02/2021,24,6.5,0,93,27,950.9,0
17/02/2021,26.3,6,0,93,30,952.1,0
18/02/2021,25.3,6,0,86,32,955.4,4
19/02/2021,25.5,6,0,86,33,956.5,0
20/02/2021,26,7,0,93,55,957.3,0
21/02/2021,23,8,0,93,33,954,4
22/02/2021,26,8.4,0,88,44,952.4,0
23/02/2021,25,12.6,1,95,44,950.9,0
24/02/2021,25.2,10,0,94,41,950.2,0
25/02/2021,27.5,11.5,0,69,29,949.1,2
26/02/2021,28,13.5,0,66,38,943.3,4
27/02/2021,24.5,12,0,84,26,945.5,4
28/02/2021,24,7,0,86,31,950,4
01/03/2021,25,8,0,87,25,953.5,2
02/03/2021,26.5,7,0,87,22,951.7,2
03/03/2021,27.3,7,0,80,20,950.1,2
04/03/2021,27.5,9,0,76,27,951.1,2
05/03/2021,28,8.5,0,87,22,950.2,4
06/03/2021,28.5,9,0,81,48,950,0
07/03/2021,23,11.9,0,83,33,948.7,2
08/03/2021,27,13.5,4,89,60,953.4,0
09/03/2021,22.5,8.2,8,94,31,951.6,0
10/03/2021,28,11,0,79,38,952.8,0
11/03/2021,27.5,14,1.8,79,79,955.5,4
12/03/2021,21.5,12.2,11.4,94,55,957.6,2
13/03/2021,21.5,9.5,0,94,45,956,2
14/03/2021,24.5,11.4,0,70,50,953,0
15/03/2021,23,11,2,94,50,951.3,0
16/03/2021,27,10.5,0,88,44,951.5,0
17/03/2021,26.7,12.3,0,89,38,950.2,0
18/03/2021,28.3,11,0,88,37,950.9,2
19/03/2021,29,12.5,0,83,21,949.2,2
20/03/2021,30,12.5,0,83,31,947.5,4
21/03/2021,30.5,14.5,0,84,95,950.2,2
22/03/2021,20,12.5,32,94,90,951.6,0
23/03/2021,16.5,13.4,28.3,100,100,953.7,2
24/03/2021,20,11.5,16.5,94,57,954.8,0
25/03/2021,24,11,0,94,36,952.4,2
26/03/2021,26.3,10.5,0,94,38,949.1,0
27/03/2021,28.5,12.5,0,94,37,948.2,0
28/03/2021,30,14.5,0,90,36,943.5,2
29/03/2021,31.5,17.5,0,86,30,943.3,2
30/03/2021,30.8,16,0,39,25,942.3,4
31/03/2021,29.2,13.8,0,35,13,943.5,10
01/04/2021,28,13,0,32,15,943.2,10
02/04/2021,27.8,14.3,0,25,15,945.4,4
03/04/2021,27.5,7,0,86,19,949.9,2
04/04/2021,29.5,11,0,77,32,949.7,4
05/04/2021,28,16.3,0,63,40,949.2,0
06/04/2021,29,15.4,0,81,90,949.3,2
07/04/2021,29,10.5,9.6,94,25,954.1,8
08/04/2021,26.6,9.3,0,81,24,948.8,2
09/04/2021,28.2,9.6,0,82,27,950.5,0
10/04/2021,31,14,0,74,28,951.7,2
11/04/2021,31.5,15,0,54,34,951.5,4
12/04/2021,30.5,14,0,84,27,952.4,2
13/04/2021,32,16,0,80,28,950.3,4
14/04/2021,31.8,16.3,0,65,33,949,0
15/04/2021,32.5,16.5,5.5,61,52,950.8,2
16/04/2021,25.2,16.1,2.5,90,78,948.8,0
17/04/2021,25,16,0,85,52,950.7,2
18/04/2021,23.5,14.5,12,90,57,952.1,0
19/04/2021,25.5,11,0,94,24,947.7,0
20/04/2021,29.9,13,0,84,47,946.3,0
21/04/2021,26.4,14.5,0,90,48,948.2,2
22/04/2021,28,15,0,95,94,950.4,2
23/04/2021,26.1,11,20.4,94,41,949.2,0
24/04/2021,26.5,11.5,0,94,31,950.6,0
25/04/2021,31,12.5,0,94,25,948.3,0
26/04/2021,35,14,0,89,24,946.6,2
27/04/2021,35.5,14,0,90,33,946.9,0
28/04/2021,37,16.5,0,85,28,947.2,2
29/04/2021,38,17.5,0,77,28,947.5,0
30/04/2021,38,16.5,0,77,30,945.5,0
01/05/2021,37.5,18,0,77,29,945.8,0
02/05/2021,37.5,20.5,0,70,32,945.4,2
03/05/2021,37.5,20.5,0,70,41,944,0
04/05/2021,37,20.5,0,74,63,945.4,0
05/05/2021,31.5,19.5,0,87,39,946.8,0
06/05/2021,32,18,0,82,37,947.8,2
07/05/2021,33,17.3,0,81,37,948.9,0
08/05/2021,34.5,19,0,78,41,947.4,2
09/05/2021,34,21,0,78,49,945.5,0
10/05/2021,31,19.5,0,86,34,942.2,0
11/05/2021,35,18,32,86,40,944.3,2
12/05/2021,30,18,0,91,45,939.5,6
13/05/2021,34,17,0,73,47,944.4,2
14/05/2021,29,17.5,0,86,51,943.4,0
15/05/2021,30.5,17,4,95,34,945.5,2
16/05/2021,31.5,17.5,0,82,33,947.1,2
17/05/2021,34,19,0,73,27,946.6,4
18/05/2021,34.5,18,0,82,27,943.6,0
19/05/2021,37.3,20,0,66,19,940.8,2
20/05/2021,35.7,21.5,0,83,40,939,2
21/05/2021,35,16,2,80,28,944,0
22/05/2021,34.5,18.5,0,81,47,943.7,6
23/05/2021,35.5,19,3.8,86,38,946.6,4
24/05/2021,31,17.5,0,82,24,945.9,2
25/05/2021,34.5,17,0,85,10,942.6,4
26/05/2021,36,16.5,0,71,13,939.9,4
27/05/2021,38.5,17.5,0,68,13,940.7,2
28/05/2021,40.5,18.5,0,65,13,940.5,0
29/05/2021,41,21,0,70,20,940.5,0
30/05/2021,41.5,21,0,83,29,941.7,0
31/05/2021,37.5,24,0,69,64,942.6,10
01/06/2021,37.5,18.7,14,82,35,943.3,0
02/06/2021,33.4,21,0,79,32,942.3,0
03/06/2021,36.3,19,28,91,48,946.9,0
04/06/2021,29.5,19,0,87,41,944.1,2
05/06/2021,35.5,25,0,81,39,943.8,4
06/06/2021,36.5,25,2,70,42,941.9,0
07/06/2021,37,26,0,77,35,940.7,2
08/06/2021,39.5,25.7,0,77,25,937.4,0
09/06/2021,42.2,25,0,81,23,935.3,2
10/06/2021,43,27.5,0,71,23,934.3,0
11/06/2021,44.5,28.5,0,60,39,934.8,0
12/06/2021,40,23,0,62,31,937.4,0
13/06/2021,39.5,19,21,58,43,940.1,0
14/06/2021,34,24,0,92,35,937.1,0
15/06/2021,35.7,18,20,91,35,934.1,0
16/06/2021,35.8,20.5,1.6,91,78,942,0
17/06/2021,31.3,18.5,4,91,36,940.7,4
18/06/2021,34,20.5,0,83,21,939.3,0
19/06/2021,37.5,19.5,0,78,27,938.5,0
20/06/2021,39,24.5,0,60,34,940.4,6
21/06/2021,35.5,21.5,0,75,30,942,0
22/06/2021,38.5,21,0,74,17,940.9,2
23/06/2021,39,21,0,71,21,940.1,2
24/06/2021,41,21.5,3.6,79,26,941.2,2
25/06/2021,38,23,0,68,33,937.9,0
26/06/2021,38.5,18.5,28.5,86,34,944,0
27/06/2021,34.5,22.5,0,83,28,944.7,0
28/06/2021,38,22.5,0,79,20,942.5,4
29/06/2021,39.5,23,0,68,18,938.8,4
30/06/2021,41.2,23.5,0,69,20,934.9,2
01/07/2021,43.5,25,0,70,27,933.5,0
02/07/2021,42.5,24,0,62,27,936.4,0
03/07/2021,40.5,20,7.7,83,33,940,4
04/07/2021,36,24.5,0,76,30,940.3,4
05/07/2021,39,22.5,3,83,39,942.4,0
06/07/2021,36,23.5,0,84,27,939.3,0
07/07/2021,40,24.5,0,73,31,939.4,2
08/07/2021,42,25,0,73,35,938.1,2
09/07/2021,40.5,29,0,59,45,939.6,6
10/07/2021,39,28.5,0,69,61,940.5,0
11/07/2021,34.5,23,52,89,54,940.2,0
12/07/2021,36.5,23,6,92,65,943.5,2
13/07/2021,31.5,22,20,96,56,942.8,0
14/07/2021,33.5,22,4.2,96,66,942.7,0
15/07/2021,32.7,22.5,1.2,92,46,943.2,0
16/07/2021,36,24,0,88,54,943.3,0
17/07/2021,37,27,0,85,49,940.4,0
18/07/2021,39,28.5,0,85,53,935.6,2
19/07/2021,38,23,30,96,76,937.9,0
20/07/2021,30.5,23,44.6,96,69,938.5,2
21/07/2021,30,22,38.2,96,65,937.7,2
22/07/2021,32,22.5,0,92,47,936.4,2
23/07/2021,34.5,25,0,88,49,939.3,0
24/07/2021,37.5,26,0,88,39,940.3,0
25/07/2021,37.5,28,0,89,46,936.6,2
26/07/2021,37.5,28.5,0,92,92,937.5,2
27/07/2021,30.5,25,12,96,89,934.1,0
28/07/2021,28.5,23,71.6,100,82,938.2,2
29/07/2021,29.7,23,5,92,69,937.1,2
30/07/2021,31.5,24.5,0,88,64,939,2
31/07/2021,32,24,3,92,72,941,2
01/08/2021,31.5,23.5,1,92,48,936.9,0
02/08/2021,35,23,5,87,58,938.3,0
03/08/2021,34.5,24.5,0,88,56,938.9,0
04/08/2021,36,22,4.2,88,62,940.4,2
05/08/2021,36.5,25.5,0,92,49,938.6,0
06/08/2021,36,22.5,5,91,50,940.7,0
07/08/2021,35,23.5,0,92,49,941.5,0
08/08/2021,36,26.5,0,88,63,942.7,0
09/08/2021,33.5,22,21,96,48,943.5,0
10/08/2021,35,24.5,0,92,51,940.7,0
11/08/2021,36.3,26,0,88,58,940.5,0
12/08/2021,35.3,26,0,88,54,941.5,0
13/08/2021,37.5,24.5,0,88,56,939,0
14/08/2021,36.5,20,22.6,96,58,939.5,0
15/08/2021,31,19.5,13,88,43,942.5,0
16/08/2021,32.5,20.4,0,91,43,945.6,0
17/08/2021,35.5,21.5,0,92,50,943,0
18/08/2021,36,23,0,84,42,941,2
19/08/2021,37,23,0,88,51,939.6,0
20/08/2021,39,20,1,91,44,942.7,0
21/08/2021,37,22.5,0.1,79,49,946.8,0
22/08/2021,35.5,24,0,88,64,944.9,2
23/08/2021,32.5,25,0,92,56,941.6,2
24/08/2021,35.5,25.5,0,92,56,939.7,0
25/08/2021,37,25.5,0,88,52,937.5,0
26/08/2021,38,26,0,92,56,936.9,0
27/08/2021,36.5,27,0,89,51,939.3,0
28/08/2021,37,21.5,5.5,88,57,941.7,0
29/08/2021,31.5,20.5,27,92,66,942,0
30/08/2021,31,20,16,96,91,947.9,4
31/08/2021,32,18.5,2.3,91,58,947.6,0
01/09/2021,32.3,21,0,96,49,946.6,2
02/09/2021,34.7,21.5,0,91,38,943.6,0
03/09/2021,35.5,22,0,80,45,942.5,2
04/09/2021,36.5,20.5,0,91,51,941.5,0
05/09/2021,36,24.5,0,88,51,943,0
06/09/2021,35.5,25,0,88,54,943.6,0
07/09/2021,36.2,25,0,88,81,946,0
08/09/2021,34.5,23,77.1,92,77,946.6,2
09/09/2021,28,22,11,96,64,944.6,0
10/09/2021,31.5,22.5,0,84,100,944.8,0
11/09/2021,32.5,21,83.3,96,81,946.8,6
12/09/2021,30,21.5,0,96,53,942,2
13/09/2021,32.5,23.5,0,96,57,942,0
14/09/2021,34,23,0,92,50,945.1,0
15/09/2021,35.8,23.3,0,92,47,944.7,0
16/09/2021,35.8,23.2,0,88,50,941.1,0
17/09/2021,36,23.5,0,92,67,943.9,0
18/09/2021,32,23.5,0,92,63,944.6,0
19/09/2021,34.3,25.5,0,92,54,946,0
20/09/2021,36,25.5,0,92,83,946.7,12
21/09/2021,35,21,37,96,68,944,2
22/09/2021,30,21,0,96,50,943.2,0
23/09/2021,34,19,14.4,95,48,945.6,0
24/09/2021,32,21,0,96,51,946.6,2
25/09/2021,34,20.5,0,95,46,944.2,0
26/09/2021,33.5,22,0,96,54,945.2,0
27/09/2021,33.5,23.5,0,92,52,946.2,0
28/09/2021,34,23.5,0,92,62,946.7,0
29/09/2021,34.5,24.3,0,92,62,948.2,0
30/09/2021,34.3,23.3,0,92,67,948.2,0
01/10/2021,34,24,0,92,68,947.9,0
02/10/2021,32.5,19.5,51.9,100,66,947.6,0
03/10/2021,31,20.5,6,95,63,944.2,0
04/10/2021,32.5,23,0,92,60,944.2,0
05/10/2021,32.5,20,1,96,59,949.2,2
06/10/2021,32,17.5,0,95,54,947.8,0
07/10/2021,32.5,16.5,0,95,42,945.5,0
08/10/2021,33.5,17,0,95,61,944.2,0
09/10/2021,32.5,18.5,0,95,54,945.9,0
10/10/2021,33.5,19,0,95,95,947.3,12
11/10/2021,31,17,47,65,51,946.4,0
12/10/2021,30.5,17,0,64,50,947.4,0
13/10/2021,32,15.5,0,95,47,947.5,0
14/10/2021,30.5,14,0,90,43,947.6,0
15/10/2021,32.5,13.5,0,90,42,944.9,0
16/10/2021,34,14,0,95,44,946.8,0
17/10/2021,33,18,0,91,60,948.2,0
18/10/2021,27,15.3,67,95,47,945.5,0
19/10/2021,29,14,0,95,67,946.8,0
20/10/2021,30.7,13,0,95,61,949.4,0
21/10/2021,31.5,13,0,95,64,947.8,0
22/10/2021,31.5,14,0,95,59,947.4,0
23/10/2021,27,12.5,13.8,89,61,951,0
24/10/2021,26,14,0,90,95,957,0
25/10/2021,19.5,10,10,94,56,954.8,0
26/10/2021,25,11,0,94,67,953,0
27/10/2021,25.5,11.5,0,94,61,954.5,0
28/10/2021,27.3,9.5,0,94,61,954.9,0
29/10/2021,28,9,0,94,54,956.7,0
30/10/2021,28.5,9.5,0,94,44,955.2,0
31/10/2021,27,9,0,94,49,951.6,0
01/11/2021,27,10,0,94,63,952.7,0
02/11/2021,25,10.5,0,94,63,955.5,0
03/11/2021,25.4,9.5,0,94,60,954.3,0
04/11/2021,25.8,9.3,0,94,70,952.6,0
05/11/2021,26,11.5,0,94,66,953.6,0
06/11/2021,23,9,0,94,46,952,0
07/11/2021,26.5,7.5,0,93,40,951.1,0
08/11/2021,26.5,8,0,94,35,951.9,0
09/11/2021,27.5,7.5,0,93,54,953.1,0
10/11/2021,28.4,8.5,0,94,53,952.4,0
11/11/2021,27.8,7.5,0,93,47,952.4,0
12/11/2021,27.5,7,0,93,45,952.2,0
13/11/2021,26,6,0,93,52,951.9,0
14/11/2021,27,7,0,93,58,951.6,0
15/11/2021,25.5,6.5,0,93,35,950.9,0
16/11/2021,24.5,6,0,93,64,952.2,0
17/11/2021,24.3,5.2,0,93,60,955.6,0
18/11/2021,23.7,7.4,0,93,51,951.3,0
19/11/2021,24.5,5,0,93,49,949.5,0
20/11/2021,25,5.5,0,93,51,952.5,0
21/11/2021,24,5.5,0,93,48,952.8,0
22/11/2021,24.7,4,0,92,34,950.4,0
23/11/2021,26,4,0,93,52,949.4,0
24/11/2021,24.7,5.2,0,93,50,952.4,0
25/11/2021,24.5,6,0,93,56,953.6,0
26/11/2021,23.5,5,0,93,56,952.9,0
27/11/2021,24,5.5,0,93,64,954.2,0
28/11/2021,23.5,6.5,0,93,52,956,0
29/11/2021,23,6,0,93,52,956.6,2
30/11/2021,23.5,5,0,93,42,953.4,0
01/12/2021,25,5,0,93,56,955.8,0
02/12/2021,23,4.5,0,93,56,955.8,0
03/12/2021,23,5,0,93,58,956.4,0
04/12/2021,23.5,5.5,0,93,54,953.7,0
05/12/2021,23,8,0,89,75,955.8,0
06/12/2021,18,6.5,2,93,62,956.3,2
07/12/2021,21.5,4,0,93,54,957.3,0
08/12/2021,21.5,3.5,0,92,53,956.1,0
09/12/2021,24,4,0,92,45,959.3,0
10/12/2021,24.5,3.5,0,93,33,957.6,0
11/12/2021,23,1.5,0,92,47,956.6,0
12/12/2021,22,2.5,0,92,59,956.6,0
13/12/2021,20.5,2,0,92,57,956.9,0
14/12/2021,20,1.5,0,92,59,956.1,0
15/12/2021,17.5,2.4,0,92,54,956.9,0
16/12/2021,17,1,0,91,46,959.1,10
17/12/2021,17.5,0,0,91,44,958.2,4
18/12/2021,17,-1,0,91,40,957.7,0
19/12/2021,18.5,-1,0,91,34,956.9,0
20/12/2021,19.5,-1.2,0,91,46,955.3,0
21/12/2021,19,0.9,0,92,50,954.2,0
22/12/2021,19,1.5,0,93,49,952.5,0
23/12/2021,20,4.4,0,86,44,952,0
24/12/2021,21,3.5,0,93,50,952.7,0
25/12/2021,20.5,3.5,0,92,51,954.7,0
26/12/2021,20.5,4,0,93,68,957.6,0
27/12/2021,15,8,4,93,88,959.2,0
28/12/2021,13,1.5,3.8,92,46,956.2,0
29/12/2021,17.5,1,0,92,42,956.6,2
30/12/2021,20,1.5,0,92,38,961.5,0
31/12/2021,18,1.5,0,92,46,959.3,0
01/01/2022,18,1.5,0,92,62,958.9,0
02/01/2022,14.5,2.8,0,92,40,958.1,2
03/01/2022,20,2.9,0,92,63,956.5,0
04/01/2022,15.2,5.8,3,93,100,956.8,0
05/01/2022,11.5,7,21.3,100,94,953.3,0
06/01/2022,11.5,8.5,16,100,94,956.4,0
07/01/2022,13,8.5,4,93,94,951.7,0
08/01/2022,13,8.5,73.9,94,63,954.1,0
09/01/2022,15.5,7.5,0,93,52,953.2,0
10/01/2022,18,5.5,0,93,60,957.6,0
11/01/2022,16.5,3.5,0,92,41,955.1,2
12/01/2022,19.5,2,0,92,53,956.3,0
13/01/2022,19,3,0,92,40,955.6,0
14/01/2022,19,2.5,0,92,45,954.9,0
15/01/2022,19.5,2,0,92,58,957.2,0
16/01/2022,16,2.5,0,92,59,957.1,0
17/01/2022,16.7,2.9,0,87,82,958.3,0
18/01/2022,11.7,5.5,0,93,57,954.2,4
19/01/2022,19.2,6,0,93,74,953.7,0
20/01/2022,15,9,0.7,94,53,948.8,0
21/01/2022,18,7,0,93,78,949.1,0
22/01/2022,14,8,2.4,94,100,948,0
23/01/2022,10.5,7.4,19.9,93,94,949.4,0
24/01/2022,9.6,7.9,33,93,64,951.9,4
25/01/2022,16.5,4,0,93,56,952,2
26/01/2022,17.5,3,0,92,51,953.1,4
27/01/2022,17.5,1,0,91,47,955.7,4
28/01/2022,18.2,1.5,0,92,36,953.6,4
29/01/2022,19.3,2,0,92,42,954.9,0
30/01/2022,20,2.5,0,92,41,948.8,0
31/01/2022,20,3.9,0,92,46,950.7,0
01/02/2022,19.2,4.5,0,92,42,949.1,4
02/02/2022,21,4.5,0,92,73,949.2,0
03/02/2022,16.5,5,4,81,68,946.7,4
04/02/2022,15.3,5.5,0,93,64,948.2,0
05/02/2022,16,5,0,93,48,951.3,2
06/02/2022,18,6,0,93,61,952.9,0
07/02/2022,17,7.3,0,82,52,954.7,2
08/02/2022,20.5,5,0,93,43,950.8,0
09/02/2022,20,5.5,0,55,35,954.6,4
10/02/2022,20.5,2.3,0,92,32,955.7,2
11/02/2022,19.7,2.5,0,92,30,953.2,4
12/02/2022,21.5,2,0,92,24,951,0
13/02/2022,22.5,3,0,92,30,950.4,0
14/02/2022,22,5.8,0,86,48,952.4,0
15/02/2022,21,5.5,0,93,43,952.6,2
16/02/2022,23,6.2,0,93,40,949.2,2
17/02/2022,22.2,5.3,0,93,45,950.6,2
18/02/2022,22.4,6.5,0,93,35,951.5,2
19/02/2022,21,4.5,0,93,29,951.7,4
20/02/2022,23,5,0,79,24,945.1,4
21/02/2022,23.5,4.7,0,66,21,946.5,2
22/02/2022,25,8,0,57,54,948.4,4
23/02/2022,21.5,10,8.8,88,79,955.3,0
24/02/2022,14.2,8,0.4,93,56,953.8,0
25/02/2022,20,7.5,0.2,93,82,955.6,2
26/02/2022,12.5,6.5,5.6,93,58,957.2,2
27/02/2022,18.5,4.2,0,93,35,957.9,0
28/02/2022,21,4.8,0,86,36,954.4,0
01/03/2022,21.5,5.7,0,73,32,955.6,2
02/03/2022,22.5,8,0,93,51,954.5,0
03/03/2022,24.5,10,2,78,79,957,2
04/03/2022,15.5,6.5,2.8,93,40,955.6,2
05/03/2022,25.5,8,0,94,49,952.8,0
06/03/2022,24,11,0,77,68,952.7,8
07/03/2022,22.5,11.5,34,94,55,956.3,0
08/03/2022,22.5,9.5,0,94,52,953.4,4
09/03/2022,24.5,10.2,0,94,50,954,4
10/03/2022,25,10,0,94,36,951.2,2
11/03/2022,27.5,10.5,0,94,40,951.1,4
12/03/2022,29.5,11,0,83,41,949.7,2
13/03/2022,29.5,11.3,0,88,36,949.4,4
14/03/2022,31,13.4,0,89,37,949.3,0
15/03/2022,32.5,16,0,90,34,947.6,2
16/03/2022,32.5,14,0,90,35,946.6,2
17/03/2022,35,14.5,0,85,33,945.4,4
18/03/2022,35.6,18,0,78,57,945.6,6
19/03/2022,30.5,17,6.5,73,49,945.2,0
20/03/2022,31.5,16,0,95,43,944.8,0
21/03/2022,31.5,15.3,0,95,38,948.7,2
22/03/2022,31.7,13.5,0,95,28,947.4,2
23/03/2022,33.5,12.5,0,84,40,946.2,0
24/03/2022,31.5,15,0,72,36,945.3,2
25/03/2022,31,12.5,0,89,26,947.6,14
26/03/2022,31.5,12,0,84,29,946.9,4
27/03/2022,33.5,12.7,0,78,26,947.2,0
28/03/2022,33.5,15.3,0,80,34,946.5,0
29/03/2022,32.2,15,0,75,43,946.6,0
30/03/2022,34,13.5,0,89,30,946.3,2
31/03/2022,33.2,12.5,0,84,24,949.9,4
01/04/2022,33.2,12.5,0,94,22,945.3,6
02/04/2022,35,12.5,0,78,28,947.7,4
03/04/2022,33,17.3,0,68,29,948.7,2
04/04/2022,33.5,13.8,0,89,25,948.7,2
05/04/2022,34.2,13,0,84,23,950.6,0
06/04/2022,35.2,13.5,0,84,24,949.1,2
07/04/2022,36,14.5,0,84,23,948,0
08/04/2022,36.6,15,0,84,36,945.3,0
09/04/2022,37.5,18.5,0,62,27,945.3,2
10/04/2022,38,17,0,81,24,944.4,4
11/04/2022,37.5,16.4,0,81,39,943.1,0
12/04/2022,38.7,16,0,81,54,942,0
13/04/2022,35.7,20,0.4,60,36,942.7,0
14/04/2022,34.7,17,0,77,28,942.8,4
15/04/2022,34.8,17,0,72,29,942.9,2
16/04/2022,35,16,0,76,21,941.6,2
17/04/2022,36,16.7,0,67,24,943.8,4
18/04/2022,37,17.8,0,77,28,946.1,0
19/04/2022,38,18,0.1,67,34,948.7,4
20/04/2022,34.2,17,0,86,39,946.3,0
21/04/2022,35.7,17,6.8,95,36,947.3,4
22/04/2022,32.5,18,0.9,69,44,948.1,0
23/04/2022,32,15.5,0,90,25,948.5,2
24/04/2022,33.7,15.8,0,80,29,944.8,2
25/04/2022,35,18.4,0,74,24,944.7,4
26/04/2022,34.7,17,0,76,24,945.7,2
27/04/2022,36.2,17.5,0,77,19,943.6,2
28/04/2022,39.2,19.5,0,62,38,944.1,0
29/04/2022,40.5,20.5,0,61,19,943.4,6
30/04/2022,39.5,20.5,0,63,21,940.7,0
01/05/2022,40,20,0,74,25,940.8,2
02/05/2022,41,21,0,63,37,939.3,2
03/05/2022,37.2,20,10,91,41,944.3,0
04/05/2022,33.5,20.5,0,71,47,949.8,4
05/05/2022,29,17,7.9,95,32,945.2,2
06/05/2022,34.5,20,0,67,25,945.2,0
07/05/2022,36,18,0,73,19,944.8,4
08/05/2022,37,19.7,0,69,32,943.3,2
09/05/2022,37.5,22.4,0,72,35,942.5,2
10/05/2022,38.2,19.5,19,86,35,942.6,0
11/05/2022,37.7,20,0,83,34,940.8,0
12/05/2022,39.5,21,0,61,26,939.1,4
13/05/2022,40,22,0,68,15,937.9,14
14/05/2022,40.5,19,0,65,22,936.9,0
15/05/2022,43,23.3,0,54,19,938.8,6
16/05/2022,41.5,26,0,34,21,939.3,2
17/05/2022,40.7,23,0,54,43,939.7,20
18/05/2022,40,18.5,1,86,29,943.4,2
19/05/2022,38,21,0,75,69,945.6,6
20/05/2022,40,22.5,3.4,58,39,938.8,2
21/05/2022,33.5,18.5,1.6,77,23,938.1,2
22/05/2022,38,18.4,0,73,27,933.8,18
23/05/2022,38,21.5,0,46,38,940.5,2
24/05/2022,31,17.8,0,65,35,946,2
25/05/2022,33,19,0,78,40,944.3,0
26/05/2022,35,21,0,79,35,940.9,2
27/05/2022,37.5,23,0,76,38,937.3,2
28/05/2022,38.5,21,4.8,72,27,938.7,0
29/05/2022,38.2,22,0,75,39,941.2,16
30/05/2022,39.2,22.7,0,65,29,941,2
31/05/2022,38,20.5,0,79,37,941.1,6
01/06/2022,38,19,0,74,31,942.1,0
02/06/2022,38.2,19.5,0,74,28,941.3,2
03/06/2022,39,19.6,0,69,21,939.5,10
04/06/2022,40.5,20.5,0,62,20,939.8,4
05/06/2022,41,21.8,0,54,22,939.9,2
06/06/2022,42.3,22.2,0,54,22,938.5,4
07/06/2022,43,23,0,55,24,938.4,16
08/06/2022,43.2,23.5,0,58,23,936.6,0
09/06/2022,43,24.5,0,48,26,935.8,2
10/06/2022,43,23.5,0,62,26,936.1,2
11/06/2022,42,22.5,0,61,15,938.5,6
12/06/2022,41.3,23,0,54,17,937.9,0
13/06/2022,42,22.2,8,72,20,940.8,2
14/06/2022,40.5,23,0,62,15,939.5,4
15/06/2022,43,24.5,0,56,16,936.2,2
16/06/2022,44,26,0,55,35,938,4
17/06/2022,38.7,21,35.4,96,48,940.4,0
18/06/2022,33,22,0,87,55,941.9,0
19/06/2022,31,19.3,8,95,40,940.7,0
20/06/2022,33,19.8,5,91,59,940.9,0
21/06/2022,30,18.5,8.5,78,100,941.6,4
22/06/2022,23,16.5,68.5,95,57,948.6,2
23/06/2022,31,19,0,82,32,945.4,4
24/06/2022,34,19.5,0,82,27,940.1,4
25/06/2022,37.5,20,0,83,27,938.9,0
26/06/2022,40,23,0,72,28,940.5,0
27/06/2022,40,25.3,0,73,30,940.3,0
28/06/2022,41,25.5,0,77,31,937.1,0
29/06/2022,41,27,0,74,42,934.4,0
30/06/2022,41.3,29.5,0,76,58,936.5,4
01/07/2022,35.8,24,11.2,96,69,939.3,0
02/07/2022,31,24.2,0,92,52,936.4,4
03/07/2022,35,27,0,89,65,938,4
04/07/2022,34.5,27.3,0,89,53,938.6,0
05/07/2022,35,27.5,0,75,85,939.9,0
06/07/2022,30.2,22,75,96,96,944.2,0
07/07/2022,34.2,25,2.2,96,54,943.2,0
08/07/2022,37,27,0,89,61,938.6,0
09/07/2022,37,21,55.9,92,65,938.2,0
10/07/2022,33,22,2,96,70,940.2,0
11/07/2022,33.5,25.8,0,92,69,942.5,0
12/07/2022,30.2,24.5,14.5,96,60,940.9,0
13/07/2022,33.2,21.8,41.1,96,69,939.1,0
14/07/2022,30.2,21.5,39.6,100,66,941.3,0
15/07/2022,30,22.5,0,96,70,943.4,2
16/07/2022,33.5,23,1,92,42,940.6,0
17/07/2022,36.5,24.3,0,88,70,944.8,0
18/07/2022,33,24.8,0,92,52,940.6,0
19/07/2022,38,24,0,96,53,938.1,0
20/07/2022,38.2,24,2.2,92,73,937.3,2
21/07/2022,32.5,24.3,0.8,96,96,942.9,0
22/07/2022,26,23.4,25.7,96,68,942.9,0
23/07/2022,36,24.5,0,92,89,942.2,0
24/07/2022,31,24.5,37,96,85,942.9,0
25/07/2022,29,25.2,2,96,96,945.9,0
26/07/2022,30,22.5,80.8,100,70,945.4,0
27/07/2022,34.2,24,0,96,79,945,0
28/07/2022,30.3,24.5,2.2,92,100,946.4,0
29/07/2022,30,24.5,3.4,96,69,943.1,0
30/07/2022,30.5,24,25.4,92,70,940.8,0
31/07/2022,31.3,21.5,27,92,70,938,4
01/08/2022,32.5,21.5,32,96,59,941.2,0
02/08/2022,32.2,22,0.4,96,57,941.3,0
03/08/2022,35,24.5,0,92,50,942,0
04/08/2022,35,23,0,88,53,942.3,0
05/08/2022,36.5,23.5,3.3,89,70,940.9,0
06/08/2022,35,25,0,92,64,938.5,0
07/08/2022,34,26,0,92,58,938.5,0
08/08/2022,36,24.8,0,88,59,939.8,0
09/08/2022,36,26,0,92,58,940.3,2
10/08/2022,36.5,26,0,92,61,938,2
11/08/2022,37.2,26,0,89,81,945,6
12/08/2022,32.7,23,9.4,92,58,940,2
13/08/2022,37.5,23.5,0,88,63,938.6,0
14/08/2022,36.5,27.8,0,89,73,941.3,0
15/08/2022,33,22.8,10,92,85,945.7,0
16/08/2022,29,23,20.2,96,77,943.4,4
17/08/2022,35,23.8,18.7,96,75,944.6,0
18/08/2022,30,23.5,0.8,92,60,943.3,2
19/08/2022,34,24,0,96,51,940,0
20/08/2022,36,25.5,0,92,55,941.3,4
21/08/2022,34.2,24.3,0,92,70,942,4
22/08/2022,32.5,25.2,0,92,55,940.2,2
23/08/2022,35,24,0,92,57,942,2
24/08/2022,35.2,22.5,4,96,78,946.6,2
25/08/2022,28.2,22.5,16.3,96,89,946.5,0
26/08/2022,28,23.4,7,92,66,944.3,2
27/08/2022,32.5,23,0,93,64,943.2,4
28/08/2022,33.2,24.5,0,92,52,942.6,0
29/08/2022,35,23.2,0,92,55,946.6,0
30/08/2022,35.2,23.5,0,96,55,947.9,4
31/08/2022,35,23.8,0,96,53,944.8,0
01/09/2022,36,23.9,0,92,53,944.3,0
02/09/2022,36.2,24,0,92,53,944.6,0
03/09/2022,36.5,24,0,92,56,942,2
04/09/2022,36.3,23.8,6,92,75,942.8,2
05/09/2022,30,21.5,21,96,62,945.6,0
06/09/2022,30,21,0,96,56,947.1,0
07/09/2022,34,22.5,0,96,55,947.9,0
08/09/2022,35,24.4,0,92,55,947.6,0
09/09/2022,35.2,24.5,0,92,61,945.9,0
10/09/2022,36,25,0,92,66,947.5,0
11/09/2022,31,23.3,6,96,74,944.8,0
12/09/2022,27,20.5,10,96,58,943.7,2
13/09/2022,32.2,22,0,96,54,943.7,0
14/09/2022,33.2,21.5,0,96,45,943.5,2
15/09/2022,34.2,20.9,0,87,52,941.1,2
16/09/2022,34.2,23,0,88,60,937.7,0
17/09/2022,34,17.5,25,95,63,943.8,0
18/09/2022,32,19,0,95,48,944.6,0
19/09/2022,33,19,0,95,59,946.3,2
20/09/2022,34.2,20.8,0,87,59,945.5,2
21/09/2022,34.2,21.5,0,91,60,944.9,0
22/09/2022,35,23.4,0,92,52,944.6,2
23/09/2022,34,23,0,92,57,942.9,0
24/09/2022,35,21,0,91,66,942,4
25/09/2022,31.2,17.5,34,96,65,945,0
26/09/2022,30.5,21.5,0,96,60,949.3,0
27/09/2022,32,20,0,95,61,945.9,0
28/09/2022,33.2,21,0,96,63,945,0
29/09/2022,34,20.8,0,96,56,946.3,0
30/09/2022,34,20,0,91,64,945.1,0
01/10/2022,34,21,0,91,69,944.8,0
02/10/2022,34,17.5,13,95,66,946.9,0
03/10/2022,33.5,18,0,95,58,947.6,0
04/10/2022,33.2,18.5,0,95,51,949.3,4
05/10/2022,33,17,0,90,54,946.9,0
06/10/2022,34,17.3,0,90,57,948.5,6
07/10/2022,32,16.5,2.2,95,48,947.6,0
08/10/2022,31,16,0,85,45,948.1,0
09/10/2022,31,16.5,0,90,41,948.8,6
10/10/2022,32,17.5,0,90,68,951,0
11/10/2022,29,18,0,95,59,948.9,2
12/10/2022,29.2,16,7,95,70,952.1,0
13/10/2022,28.2,15.4,0,95,51,951.6,2
14/10/2022,29,14.5,0,95,48,952.3,0
15/10/2022,30.5,13.5,0,95,47,949.5,0
16/10/2022,31,14.5,0,95,44,952.8,0
17/10/2022,32,15,0,95,49,951.8,0
18/10/2022,31,14,0,90,57,950.9,2
19/10/2022,31,13.5,0,95,59,950,2
20/10/2022,28.3,15,5.6,85,54,954.7,2
21/10/2022,25.2,10.5,0,94,58,956.9,0
22/10/2022,27.2,10,0,94,54,956,0
23/10/2022,29.2,10,0,94,55,955,0
24/10/2022,29.3,10,0,94,54,949.3,0
25/10/2022,29,10.2,0,94,46,948.3,2
26/10/2022,29.2,10.5,0,94,59,952.4,0
27/10/2022,29.2,12.8,0,94,50,952.7,0
28/10/2022,29.2,11,0,94,54,952.6,0
29/10/2022,30,11,0,94,57,952.2,0
30/10/2022,30,12.5,0,94,52,952.6,0
31/10/2022,29.5,13,0,94,67,953.3,2
01/11/2022,27,14,0,90,56,953.2,0
02/11/2022,29.2,12,0,89,51,952.6,0
03/11/2022,30,12.4,0,94,53,951,0
04/11/2022,30,13,0,89,62,952.3,0
05/11/2022,27.2,13.5,0,90,61,954,0
06/11/2022,26,12,14,94,82,955.7,0
07/11/2022,23,13,24,94,74,955.4,0
08/11/2022,22,11,0,94,82,954.3,0
09/11/2022,24,11,0,94,81,956.5,2
10/11/2022,18,9.3,1.6,94,62,958.2,2
11/11/2022,24,8,0,94,51,956,4
12/11/2022,25,6.7,0,93,51,955,0
13/11/2022,25,6.5,0,93,75,953.6,0
14/11/2022,19,8,7,94,100,957.3,0
15/11/2022,14.2,8.5,14,94,69,955.5,0
16/11/2022,22.5,9,0,94,72,954,0
17/11/2022,20,6.8,0,93,49,953.3,0
18/11/2022,24,6.7,0,93,68,954.6,0
19/11/2022,23.5,9,0,94,76,956,0
20/11/2022,21,5.5,0,93,64,953.9,0
21/11/2022,24,5.5,0,93,58,953.6,0
22/11/2022,25,5,0,93,46,953.6,0
23/11/2022,26,4.7,0,93,58,952.2,0
24/11/2022,25,4.7,0,93,59,952.4,0
25/11/2022,26,5.5,0,93,61,956.5,0
26/11/2022,25,5.5,0,93,69,950.8,0
27/11/2022,23.5,5,0,93,73,950.7,0
28/11/2022,24,5,0,93,65,953.6,0
29/11/2022,23.2,6,0,93,65,954,0
30/11/2022,23,5.5,0,93,65,954.9,0
01/12/2022,24,5.3,0,93,55,952.6,0
02/12/2022,23,6,0,93,68,953,0
03/12/2022,22,5.5,0,93,60,954,0
04/12/2022,23,4.5,0,93,56,953.7,0
05/12/2022,24,4.5,0,93,55,956.6,0
06/12/2022,23,4.5,0,92,44,954.7,2
07/12/2022,23.2,3.5,0,92,43,953.2,4
08/12/2022,22.5,3.5,0,92,58,955.4,0
09/12/2022,20.5,5,0,93,64,954.2,0
10/12/2022,21.5,7.5,0,93,63,956.5,0
11/12/2022,22.5,5,0,93,46,955,0
12/12/2022,22,4.5,0,93,56,954,0
13/12/2022,21.5,5,0,93,46,956.8,4
14/12/2022,22,4,0,93,36,954.5,0
15/12/2022,22.5,3.5,0,92,47,952.5,0
16/12/2022,22.5,3.3,0,92,56,951.1,0
17/12/2022,23,3.2,0,92,49,953.3,0
18/12/2022,22.5,3.2,0,92,62,953,0
19/12/2022,22,3.5,0,92,59,952.6,0
20/12/2022,21,3,0,92,47,952.7,0
21/12/2022,21.5,3,0,92,57,954.3,0
22/12/2022,20.2,2,0,92,53,953,0
23/12/2022,20,1.3,0,91,64,952,0
24/12/2022,18,1,0,92,54,954.1,2
25/12/2022,17.5,1,0,91,68,955.3,0
26/12/2022,16,1,0,92,50,956.4,0
27/12/2022,19,1.5,0,92,31,955.2,0
28/12/2022,21.2,1.2,0,92,36,954.8,0
29/12/2022,21.2,1,0,92,82,956.4,0
30/12/2022,14.2,5.5,9.4,93,70,960.7,0
31/12/2022,18.2,2.8,0,92,41,956.2,0
01/01/2023,19,1.5,0,92,53,957.3,0
02/01/2023,19,1,0,92,52,958.7,0
03/01/2023,18.2,1,0,91,34,959.2,2
04/01/2023,19.2,0,0,91,28,960.1,4
05/01/2023,20,0.4,0,91,41,960.9,0
06/01/2023,20.2,0.3,0,91,63,960.9,0
07/01/2023,16.2,1.3,0,93,63,958.7,0
08/01/2023,15,5,0,93,63,957.3,0
09/01/2023,16,5.5,1,93,63,957.4,0
10/01/2023,19.2,4,0,93,48,955.8,4
11/01/2023,22,4.5,0,77,94,952.6,2
12/01/2023,12,5.2,15,93,78,950.7,0
13/01/2023,16,5.5,2.2,93,54,953.2,4
14/01/2023,12.2,1.3,0,91,54,954.6,2
15/01/2023,16.5,1.5,0,92,35,951.6,6
16/01/2023,16.5,0,0,91,39,955.1,2
17/01/2023,17,-0.5,0,91,31,953.6,4
18/01/2023,17.2,-0.5,0,91,47,957,0
19/01/2023,15.2,1.5,0,93,38,957.6,4
20/01/2023,17.5,3,0,92,54,955.5,2
21/01/2023,16.2,3,1,93,52,955.4,4
22/01/2023,16.2,2,0,92,55,955.8,0
23/01/2023,17,2,0,92,57,956.3,4
24/01/2023,16.5,4,1.3,93,77,953,0
25/01/2023,14.5,7,3,93,68,955.5,2
26/01/2023,14,2.5,0.4,92,57,957.7,2
27/01/2023,19,2.5,0,92,35,956.2,2
28/01/2023,21,3,0,92,51,952.3,0
29/01/2023,16,3.5,0,92,53,951.3,0
30/01/2023,18,4.5,19,87,68,958,2
31/01/2023,15.2,3.5,3.2,93,46,958.9,4
01/02/2023,19,3.5,0,92,33,956.6,0
02/02/2023,22.2,4,0,87,50,955.1,0
03/02/2023,18.2,4.8,0,93,48,955,0
04/02/2023,21,6,0,87,39,952.9,4
05/02/2023,24.5,5.5,0,93,48,949.9,0
06/02/2023,22,6.5,6,94,31,953.1,2
07/02/2023,20.5,4.5,2.7,93,39,950.5,2
08/02/2023,22,6,0,93,39,952,4
09/02/2023,21.5,7,1,88,69,949.3,2
10/02/2023,15,7.5,1.8,76,30,951.2,0
11/02/2023,20.2,7.5,0,48,27,954.5,6
12/02/2023,18,0.8,0,83,32,958.8,4
13/02/2023,19,2,0,78,16,954.7,8
14/02/2023,22,4,0,85,32,953.6,0
15/02/2023,24.2,5,0,93,34,951.6,4
16/02/2023,27.2,7.5,0,87,53,953.7,0
17/02/2023,25.2,9,0,88,51,956.1,0
18/02/2023,26,8.3,0,94,30,952.7,0
19/02/2023,27.5,9.2,0,74,42,951.8,4
20/02/2023,26,11.5,0,94,85,950.1,6
21/02/2023,24.2,6.5,4.6,93,24,952.1,6
22/02/2023,27.2,8,0,94,41,952.8,0
23/02/2023,24.2,7.5,0,94,23,951.9,6
24/02/2023,27.5,8,0,82,19,953.4,4
25/02/2023,28,7.5,0,94,28,954.9,0
26/02/2023,26,9.5,0.2,70,45,957.6,0
27/02/2023,25,9.5,1,78,32,956.5,2
28/02/2023,26,10,1,72,70,959.3,0
01/03/2023,19,10.5,0.6,84,58,959.5,0
02/03/2023,22.5,11.5,0,89,72,961.2,4
03/03/2023,21,8.5,1,94,43,958.4,0
04/03/2023,26,10,0,94,33,957.1,2
05/03/2023,26.5,9.2,0,88,29,956.1,4
06/03/2023,27,9.4,0,94,22,953.6,4
07/03/2023,28,9,0,94,23,954.2,2
08/03/2023,30,9.5,0,94,20,954,4
09/03/2023,30,11.2,0,72,25,954.9,6
10/03/2023,29.2,10,0,94,29,953.7,2
11/03/2023,29.2,10,0,88,32,952.6,0
12/03/2023,30,13,0,89,41,953,0
13/03/2023,28.5,11.3,0,88,26,952.2,4
14/03/2023,30,10.8,0,88,24,948.5,4
15/03/2023,31.2,11.5,0,88,41,948.5,2
16/03/2023,30,13.5,11.4,89,80,952.8,0
17/03/2023,17,13.2,11.8,95,72,954.8,2
18/03/2023,18,9.6,1,94,58,951.2,2
19/03/2023,22,11,0.2,94,51,947.5,0
20/03/2023,24.5,10,10,94,45,946.1,0
21/03/2023,26.2,12,26.6,90,52,948,2
22/03/2023,23,11,7,94,48,949,2
23/03/2023,26,12.8,5.8,75,52,949.3,2
24/03/2023,23.2,12,1,94,95,949.1,2
25/03/2023,21,12.4,15,89,76,953.5,0
26/03/2023,18.5,9,6,94,42,951.8,2
27/03/2023,25,10.5,0,94,27,948.8,4
28/03/2023,27,10,0,94,30,948.8,4
29/03/2023,28,11,0,94,49,951.2,0
30/03/2023,23.2,13.2,1,90,90,950,0
31/03/2023,25.2,13,7.9,95,62,947.4,0
01/04/2023,22.2,14,1,95,68,949.8,6
02/04/2023,20,10.5,1,94,44,947,0
03/04/2023,25,15,1,90,50,947.8,2
04/04/2023,23.5,11.5,1,94,38,950.7,2
05/04/2023,25.8,11,0,94,38,949.6,2
06/04/2023,27.2,11.5,1,84,27,954.5,4
07/04/2023,27.2,10,0,88,25,953.6,4
08/04/2023,30,11,0,88,18,954.1,2
09/04/2023,31.2,11.5,0,88,19,952.8,2
10/04/2023,32,12.5,0,89,21,952.7,2
11/04/2023,32.5,13.5,0,84,20,951,4
12/04/2023,32.5,14.5,0,80,27,950.2,2
13/04/2023,33,14.5,0,85,25,947.8,2
14/04/2023,34.2,14.5,0,84,22,947,0
15/04/2023,36,16.5,0,81,28,947.5,0
16/04/2023,36.2,21,0,53,30,947.3,4
17/04/2023,30.5,16.5,0,81,31,947.8,2
18/04/2023,34,18,6,63,50,950.9,0
19/04/2023,28.2,17.5,1,61,53,945.5,0
20/04/2023,26.2,15.5,4.4,95,37,943.6,0
21/04/2023,28,12.5,14.2,94,31,946.5,0
22/04/2023,28.5,14,1,89,30,947.9,0
23/04/2023,28,11,1,83,24,947.5,0
24/04/2023,32.5,13,0,89,25,950,0
25/04/2023,33.2,13.5,0,84,27,951,2
26/04/2023,32.2,16.5,0,77,28,946.2,0
27/04/2023,33,15,0.4,85,33,947.1,0
28/04/2023,33,15.5,11.4,76,40,951,0
29/04/2023,28,14.5,3,95,33,946,0
30/04/2023,33,17.4,0,81,33,943.6,0
01/05/2023,32.5,18.5,0,82,58,946.1,0
02/05/2023,24,16,1,86,55,948.4,2
03/05/2023,25.5,16.5,1,90,46,948.9,0
04/05/2023,28.2,17.5,1.6,86,75,950.2,0
05/05/2023,26,14,0.4,90,40,947.4,0
06/05/2023,30,18,0,82,35,946.8,10
07/05/2023,31.2,16,0,72,34,944.7,2
08/05/2023,30.5,15,3,80,31,946.3,6
09/05/2023,29.2,13,0,95,26,949.3,2
10/05/2023,31,14,0,90,12,946.4,6
11/05/2023,35.2,14,0,71,22,947.7,2
12/05/2023,37.2,14.5,0,76,16,946.4,0
13/05/2023,38,21.5,0,50,30,945.9,0
14/05/2023,35,16,1,80,24,942.7,0
15/05/2023,35,17,0,76,22,943.3,0
16/05/2023,37,18,0,70,32,945.9,0
17/05/2023,33,16,0,73,32,944.4,0
18/05/2023,38,19,7.6,86,32,950.3,2
19/05/2023,34,17.5,0,86,21,944.9,2
20/05/2023,36,16,0,77,13,943,2
21/05/2023,38.5,16.2,0,73,21,945,0
22/05/2023,40.5,20,0,62,38,945.1,0
23/05/2023,40.5,21,0,69,30,945.1,0
24/05/2023,38,18,2,91,35,943.6,0
25/05/2023,34,18,3.3,71,39,944.8,4
26/05/2023,31.2,19,1.8,74,50,947,2
27/05/2023,30,16,1,85,26,945.2,0
28/05/2023,34,19.5,0,66,33,945.5,0
29/05/2023,34,20.5,0,74,78,952.8,4
30/05/2023,33,18.5,2.2,74,38,949.9,0
31/05/2023,31,15.5,3.6,87,91,948.6,4
01/06/2023,23,17,29.8,95,71,948.7,0
02/06/2023,23,15.5,16.2,95,45,946.4,2
03/06/2023,30,17.5,0,95,39,947.6,2
04/06/2023,33,18.5,0,91,31,945.9,2
05/06/2023,35.5,18.5,0,91,27,943.8,0
06/06/2023,36,17.5,0,82,30,943.7,0
07/06/2023,36,21.5,0,76,39,945.4,0
08/06/2023,33,21.3,0,79,36,942.3,0
09/06/2023,37,21.5,0,76,34,939.5,0
10/06/2023,38.5,24.5,0,77,48,937.9,6
11/06/2023,39.5,21.5,3.1,79,32,939,0
12/06/2023,36.5,22.5,0,79,30,938.8,0
13/06/2023,38.5,24.5,0,57,27,938.5,0
14/06/2023,40,21,1,73,28,939.2,2
15/06/2023,38,23,5.3,72,45,942.1,2
16/06/2023,33,22,1,87,48,940.8,0
17/06/2023,35,21,0,84,34,940.5,0
18/06/2023,38.5,25,0,81,35,938.4,0
19/06/2023,39.5,22.5,0,76,32,939.8,2
20/06/2023,39,25,0,81,29,938.6,2
21/06/2023,41,28,0,79,32,938.1,2
22/06/2023,41.5,29,0,76,43,938.7,2
23/06/2023,40.5,30,0,70,46,939.5,4
24/06/2023,40.5,30.5,0,73,45,937,2
25/06/2023,40,24.5,12,92,50,937.9,4
26/06/2023,36,22,58,96,58,943.1,0
27/06/2023,31.2,23,0,92,46,940.2,0
28/06/2023,36,24,2.6,88,50,942.9,0
29/06/2023,34.2,23.5,0.4,88,49,939.8,2
30/06/2023,36,19.5,65.3,95,43,940,0
01/07/2023,33,20.5,0,87,44,939.5,4
02/07/2023,35.5,25.5,0,84,51,938.9,4
03/07/2023,36,27,0,81,77,939.8,8
04/07/2023,38.2,22,9,96,58,938.6,0
05/07/2023,34,23.5,0,84,63,940.5,2
06/07/2023,31.5,24.2,0,84,61,942.1,0
07/07/2023,32,19,23.8,92,69,943.2,0
08/07/2023,30,19,1.6,92,63,942.9,2
09/07/2023,33.5,18,0,96,46,941.7,2
10/07/2023,34,20.5,5,96,40,941.9,2
11/07/2023,34.2,23,0,92,38,940.1,2
12/07/2023,36.2,24.3,0,81,43,939.3,2
13/07/2023,37.2,24.5,0,84,49,941.8,4
14/07/2023,35,25.5,0,84,52,940.5,12
15/07/2023,37.5,22.5,57,96,86,940.2,0
16/07/2023,33,23.5,6,96,67,942.7,4
17/07/2023,33.2,24.5,0,92,47,939.4,4
18/07/2023,37,26,0,92,79,940.8,0
19/07/2023,34,23,98.1,100,92,941.8,0
20/07/2023,28,23.5,8,92,65,940.9,2
21/07/2023,34,26.5,1,92,70,942.6,0
22/07/2023,33,25.5,19,92,81,947.1,4
23/07/2023,32.5,22.5,8.8,96,72,946.5,2
24/07/2023,30,22.5,21.3,96,53,941.3,0
25/07/2023,35.2,23,6.5,100,60,943.3,2
26/07/2023,34,24,0,96,96,942.8,0
27/07/2023,35,23.3,85.6,96,76,941.7,0
28/07/2023,32.2,21.5,29.2,92,70,940.3,2
29/07/2023,31,20.5,75,96,61,941,2
30/07/2023,32.5,22,0,92,58,939.1,0
31/07/2023,35,25.5,0,92,78,939,4
01/08/2023,36,24,1,92,54,937.5,0
02/08/2023,36.2,26,0,92,64,936.8,4
03/08/2023,37.5,25,0,81,55,938.9,0
04/08/2023,35.2,25.5,0,77,72,941.7,4
05/08/2023,37,23,24,96,67,941.5,0
06/08/2023,32,23.5,5.6,96,65,936.5,0
07/08/2023,34,21,21,96,57,936.8,2
08/08/2023,34,24.5,0,92,56,938.3,2
09/08/2023,36,25,0,96,62,941.6,2
10/08/2023,35.2,26.5,0,92,56,942.3,0
11/08/2023,33.5,22.5,49.6,96,58,942.5,0
12/08/2023,35.5,26,0,92,52,939.8,0
13/08/2023,37,27,0,92,52,936.4,0
14/08/2023,38,27.5,0,92,96,945.1,2
15/08/2023,34,21.5,48.5,96,60,943.7,0
16/08/2023,34,25,1,92,63,943.2,2
17/08/2023,36,25.3,0,92,64,943.3,2
18/08/2023,32,20.5,39.2,96,65,943.4,0
19/08/2023,34.5,25,0,96,58,943.8,0
20/08/2023,36.5,26,0,88,56,943.2,0
21/08/2023,37,26,0,92,49,941.3,2
22/08/2023,37.2,26.5,0,92,59,938.9,2
23/08/2023,38,27,0,89,64,937.4,2
24/08/2023,37,22,17.4,96,64,938.4,2
25/08/2023,32.2,21.5,2.4,96,67,939.5,0
26/08/2023,33,22.5,2,88,63,942.1,0
27/08/2023,32,22.5,0,96,49,939.3,2
28/08/2023,34.5,19.5,7.1,95,54,941,0
29/08/2023,33.5,22.5,0,96,49,943.3,0
30/08/2023,35,22,0,96,52,945.8,0
31/08/2023,36.2,23,0,92,58,945.9,0
01/09/2023,35.2,25,0,92,61,945.3,0
02/09/2023,37,25.5,0,96,63,944,0
03/09/2023,36,24,1,92,58,942.7,0
04/09/2023,35.5,24,0,88,56,942.2,0
05/09/2023,37.2,19.5,38.5,96,55,945.3,0
06/09/2023,32.2,21,0,96,55,944.5,0
07/09/2023,35.2,22,0,87,46,944.1,2
08/09/2023,36.2,21.8,0,83,51,943,0
09/09/2023,36.5,21.3,29,88,65,941.5,0
10/09/2023,35.5,21.5,19,96,65,939.6,0
11/09/2023,35.5,23,0,92,68,940.7,0
12/09/2023,36,26,0,92,61,942.4,0
13/09/2023,36.8,25.7,0,96,63,941.5,0
14/09/2023,37,26,0,92,63,943.1,0
15/09/2023,37,24.5,0,89,63,943.9,0
16/09/2023,37.2,20.8,53,96,64,943.9,0
17/09/2023,33.5,20.8,14,96,67,943.5,0
18/09/2023,33,22,0,96,72,945.5,2
19/09/2023,30,21.5,0,96,64,947.4,2
20/09/2023,32,22,0,96,57,944.8,2
21/09/2023,34,21.4,0,96,63,944.8,0
22/09/2023,34.2,19.5,42,87,66,944.7,0
23/09/2023,30.5,19,26.2,95,62,947.5,0
24/09/2023,30.5,19,0,95,69,945.7,0
25/09/2023,31.5,17.5,9,95,57,948.4,2
26/09/2023,31,19,0,95,47,948.6,0
27/09/2023,33,17,0,95,51,947.4,2
28/09/2023,33,16,0,85,69,946.4,0
29/09/2023,33.2,15.5,2.8,69,42,947.9,10
30/09/2023,30,14.5,1,95,45,948.8,2
01/10/2023,32,14.5,0,95,44,946.1,0
02/10/2023,32,13.5,0,95,52,948.2,0
03/10/2023,32,15,0,95,36,947.4,2
04/10/2023,33,14.5,0,90,54,948.2,0
05/10/2023,33.2,14,0,95,50,947.1,0
06/10/2023,34,14.5,0,95,58,945.7,0
07/10/2023,34,18.4,0,91,63,947.1,0
08/10/2023,32.5,19,0,91,46,947.1,2
09/10/2023,33,18,0,91,71,949.4,4
10/10/2023,32.2,13.5,24,95,49,952.5,2
11/10/2023,30,14.5,0,95,61,950.9,0
12/10/2023,30,14.2,0,95,59,952.1,0
13/10/2023,30.5,16.2,0,95,62,950.9,0
14/10/2023,31,18.3,1.8,74,79,952.1,0
15/10/2023,23,14.5,1,95,66,950,0
16/10/2023,28,16.5,1,73,100,953,0
17/10/2023,22,13.5,9.1,95,77,958.1,0
18/10/2023,19.2,9.6,0,94,58,955.2,0
19/10/2023,25.2,11,0,94,56,953.5,0
20/10/2023,27.8,11,0,94,66,954.2,0
21/10/2023,28.5,12.3,0,94,66,954.6,0
22/10/2023,27.5,15.2,1,86,66,956.2,0
23/10/2023,23,11,1,94,63,953.2,0
24/10/2023,28,12,0,94,60,953.3,0
25/10/2023,30,11,0,94,54,954.3,0
26/10/2023,30.2,10.5,0,94,72,953.8,0
27/10/2023,30,11,0,94,66,952,0
28/10/2023,29.5,11.5,0,94,60,953.6,0
29/10/2023,29.5,13,0,94,70,953.8,0
30/10/2023,29,14.5,0,95,77,954.1,2
31/10/2023,29.2,15,0,95,69,955.4,0
01/11/2023,29,15,0,95,73,956.1,0
02/11/2023,29,12.5,1,95,69,955.2,0
03/11/2023,28.2,11.2,0,94,55,950.9,0
04/11/2023,29.2,11,0,94,58,952,0
05/11/2023,28.5,8,0,94,57,953.1,0
06/11/2023,28,10.5,0,94,68,955.5,2
07/11/2023,27.2,11,0,94,70,954,0
08/11/2023,25.2,11,0,94,68,953.1,0
09/11/2023,27,11.5,0,94,81,953,2
10/11/2023,26,11,43.9,94,73,957.6,0
11/11/2023,21.2,8.5,0,94,60,957.4,0
12/11/2023,25,9,0,94,67,956.1,0
13/11/2023,25.5,9,0,94,70,956.4,0
14/11/2023,25,9,0,94,74,956.5,0
15/11/2023,26,8.5,0,94,67,955.4,0
16/11/2023,26.2,7.7,0,94,70,959,0
17/11/2023,26.2,7.5,0,94,61,957.1,0
18/11/2023,25,9,0,94,74,955.5,0
19/11/2023,23,8.5,0,94,69,956.9,0
20/11/2023,25,7,0,93,61,957,0
21/11/2023,25,7,0,93,57,954.7,0
22/11/2023,24.5,6.5,0,93,69,951.7,0
23/11/2023,24,5.3,0,93,73,954.3,0
24/11/2023,22.5,5.6,Trace,93,61,955.6,0
25/11/2023,25,7,0,93,81,955.6,0
26/11/2023,23,8,0,93,73,957.5,0
27/11/2023,23.5,9,0,94,54,956.2,2
28/11/2023,24,9,0,94,50,954.4,0
29/11/2023,24.9,8,0,93,69,954.8,0
30/11/2023,22.5,8.5,0,94,80,958.5,2
01/12/2023,19.2,7,0.8,93,60,955.6,0
02/12/2023,23,6,0,93,69,956.6,0
03/12/2023,23.5,7,0,93,76,956.4,0
04/12/2023,22,4.5,0,93,64,955.7,0
05/12/2023,23,4.5,0,93,64,954.6,0
06/12/2023,23,4,0,92,60,956.6,0
07/12/2023,22.5,3.7,0,93,63,954.5,0
08/12/2023,23.2,4,0,92,59,954.6,0
09/12/2023,22.2,3.5,0,92,71,954.7,0
10/12/2023,21.5,3,0,92,45,951.2,2
11/12/2023,22,3,0,92,70,952.8,0
12/12/2023,19.2,3.5,0,92,70,953.3,0
13/12/2023,20,3,0,92,57,955.2,0
14/12/2023,20.2,2.5,0,92,65,955.1,0
15/12/2023,20.2,2.2,0,92,56,956.6,0
16/12/2023,20,4.2,0,93,74,955.3,0
17/12/2023,16.5,3,0,92,52,956.7,0
18/12/2023,20,2.5,0,92,41,958,2
19/12/2023,21.2,2,0,92,53,957.9,2
20/12/2023,22.2,2,0,92,58,956.1,0
21/12/2023,21.2,2,0,92,63,954.1,0
22/12/2023,21.2,2.5,0,92,61,955.3,0
23/12/2023,20,3.8,1,83,49,958.7,0
24/12/2023,24.5,6,0,93,80,960.2,0
25/12/2023,20,3.5,0,92,34,956,2
26/12/2023,24,3.5,0,92,67,956.9,0
27/12/2023,22.5,3.8,0,92,63,958.5,0
28/12/2023,22,3,0,92,63,955.3,0
29/12/2023,21.2,2.8,0,92,62,958.7,0
30/12/2023,21,4.2,0,93,54,955.9,0
31/12/2023,21.5,3.5,0,92,71,955.5,0
